Time (UNIX ms),Reporting Time Offset (ms),E2 Node ID,UE ID,DRB.PdcpSduVolumeDL (Mb),DRB.PdcpSduVolumeUL (Mb),DRB.RlcSduDelayDl (Î¼s),DRB.UEThpDl (kbps),DRB.UEThpUl (kbps),RRU.PrbTotDl (%),RRU.PrbTotUl (%),
1770823982560,0,gNB,1,0,0,0.00,0.00,0.00,0,0,
1770823983560,0,gNB,1,0,0,0.00,0.00,0.00,0,0,
1770823984560,0,gNB,1,0,0,0.00,0.00,0.00,0,0,
1770823985560,0,gNB,1,0,0,0.00,0.00,0.00,0,0,
1770823986560,1,gNB,1,0,0,0.00,0.00,0.00,0,0,
1770823987560,0,gNB,1,7,0,459143.26,2727.29,28.62,55,4,
1770823988560,4,gNB,1,9,0,509781.66,9606.70,5.14,73,1,
1770823989560,-1,gNB,1,9,0,765.56,14533.26,5.19,64,1,
1770823990560,-3,gNB,1,9,0,698.96,9723.14,5.66,26,1,
1770823991560,0,gNB,1,9,0,913.76,9723.12,5.19,17,0,
1770823992560,0,gNB,1,9,0,683.85,9699.10,5.22,14,0,
1770823993560,0,gNB,1,9,0,792.02,9698.90,5.17,14,0,
1770823994580,19,gNB,1,9,0,806.86,9747.06,5.19,15,0,
1770823995560,-20,gNB,1,9,0,689.89,9699.30,5.22,14,0,
1770823996560,2,gNB,1,9,0,767.62,9722.96,5.17,14,0,
1770823997560,1,gNB,1,9,0,682.35,9722.96,5.19,14,0,
1770823998560,-1,gNB,1,3,0,763.80,3237.03,5.14,5,0,
1770823999560,0,gNB,1,1,0,704.60,1179.16,5.19,1,0,
1770824000560,-1,gNB,1,0,0,0.00,348.95,4.88,0,0,
1770824001560,1,gNB,1,0,0,0.00,0.00,0.00,0,0,
1770824002560,0,gNB,1,0,0,0.00,0.00,0.00,0,0,
1770824003560,2,gNB,1,0,0,0.00,0.00,0.00,0,0,
1770824004560,1,gNB,1,0,0,0.00,0.00,0.00,0,0,
1770824005560,-2,gNB,1,0,0,0.00,0.00,0.00,0,0,
1770824006560,0,gNB,1,0,0,0.00,0.00,0.00,0,0,
1770824007560,0,gNB,1,0,0,0.00,0.00,0.00,0,0,
1770824008560,1,gNB,1,0,0,0.00,0.00,0.00,0,0,
1770824009560,0,gNB,1,0,0,0.00,0.02,0.43,0,0,
1770824010560,0,gNB,1,0,0,0.00,0.00,0.00,0,0,
1770824011560,1,gNB,1,0,0,0.00,0.00,0.00,0,0,
1770824012560,0,gNB,1,0,0,0.00,0.00,0.00,0,0,
1770824013560,0,gNB,1,0,0,0.00,0.00,0.00,0,0,
1770824014560,0,gNB,1,0,0,0.00,0.00,0.00,0,0,
1770824015560,0,gNB,1,0,0,0.00,28.06,764.27,0,54,
1770824016560,0,gNB,1,0,2,0.00,5.02,2599.92,0,80,
1770824017560,1,gNB,1,0,2,0.00,5.23,2099.67,0,42,
1770824018560,-1,gNB,1,0,2,0.00,5.30,2115.60,0,33,
1770824019560,0,gNB,1,0,2,0.00,5.40,2140.02,0,25,
1770824020560,1,gNB,1,0,2,0.00,5.35,2131.60,0,22,
1770824021560,-1,gNB,1,0,2,0.00,5.38,2052.60,0,23,
1770824022560,1,gNB,1,0,2,0.00,5.40,2216.14,0,21,
1770824023560,1,gNB,1,0,2,0.00,5.38,2133.53,0,22,
1770824024560,0,gNB,1,0,2,0.00,5.42,2061.22,0,22,
1770824025560,1,gNB,1,0,2,0.00,5.35,2110.26,0,22,
1770824026560,0,gNB,1,0,1,0.00,5.38,1614.36,0,18,
1770824027560,0,gNB,1,0,1,0.00,5.33,1193.31,0,17,
1770824028560,0,gNB,1,0,0,0.00,5.04,590.63,0,8,
1770824029560,1,gNB,1,0,0,0.00,0.00,0.00,0,0,
1770824030560,0,gNB,1,0,0,0.00,0.00,0.00,0,0,
1770824031560,1,gNB,1,0,0,0.00,0.00,0.00,0,0,
1770824032560,-1,gNB,1,0,0,0.00,0.00,0.00,0,0,
1770824033560,-1,gNB,1,0,0,0.00,0.00,0.00,0,0,
1770824034570,7,gNB,1,0,0,0.00,0.00,0.00,0,0,
1770824035560,-2,gNB,1,0,0,0.00,0.00,0.00,0,0,
1770824036560,-4,gNB,1,0,0,0.00,0.00,0.00,0,0,
1770824037560,0,gNB,1,0,0,0.00,0.00,0.00,0,0,
1770824038560,1,gNB,1,0,0,0.00,0.00,0.00,0,0,
1770824039560,0,gNB,1,0,0,0.00,0.00,0.00,0,0,
1770824040560,0,gNB,1,0,0,0.00,0.00,0.00,0,0,
1770824041560,0,gNB,1,0,0,0.00,0.00,0.00,0,0,
1770824042560,0,gNB,1,0,0,0.00,0.00,0.00,0,0,
1770824043560,1,gNB,1,2,0,645.10,2864.00,28.54,7,4,
1770824044560,-1,gNB,1,6,0,791.38,6228.98,5.17,12,1,
1770824045570,7,gNB,1,6,0,627.74,6237.18,5.19,9,1,
1770824046560,-7,gNB,1,6,0,697.30,6221.03,5.66,9,1,
1770824047560,0,gNB,1,6,0,763.42,6220.97,5.17,9,0,
1770824048560,0,gNB,1,6,0,643.98,6233.12,5.19,9,0,
1770824049560,0,gNB,1,6,0,717.17,6233.04,5.17,9,0,
1770824050560,0,gNB,1,6,0,606.35,6233.08,5.19,9,0,
1770824051560,0,gNB,1,6,0,630.81,6232.88,5.19,9,0,
1770824052560,0,gNB,1,6,0,649.47,6209.02,5.17,9,0,
1770824053560,0,gNB,1,6,0,756.25,6233.00,5.19,9,0,
1770824054560,1,gNB,1,6,0,738.35,6233.08,5.17,9,0,
1770824055560,-1,gNB,1,6,0,748.30,6233.20,5.19,9,0,
1770824056560,0,gNB,1,6,0,640.48,6232.92,5.17,9,0,
1770824057560,0,gNB,1,3,0,512.80,3910.78,5.19,5,0,
1770824058560,0,gNB,1,1,0,852.50,1167.13,5.13,1,0,
1770824059560,0,gNB,1,0,0,0.00,697.88,5.01,1,0,
1770824060560,0,gNB,1,0,0,0.00,0.00,0.00,0,0,
1770824061560,1,gNB,1,0,0,0.00,0.00,0.00,0,0,
1770824062560,-1,gNB,1,0,0,0.00,0.00,0.00,0,0,
1770824063560,1,gNB,1,0,0,0.00,0.00,0.00,0,0,
1770824064560,-1,gNB,1,0,0,0.00,0.00,0.00,0,0,
1770824065560,1,gNB,1,0,0,0.00,0.00,0.00,0,0,
1770824066560,-1,gNB,1,0,0,0.00,0.00,0.00,0,0,
1770824067560,0,gNB,1,0,0,0.00,0.00,0.00,0,0,
1770824068560,1,gNB,1,0,0,0.00,0.00,0.00,0,0,
1770824069560,1,gNB,1,0,0,0.00,0.00,0.00,0,0,
1770824070560,1,gNB,1,0,0,0.00,0.00,0.00,0,0,
1770824071560,0,gNB,1,0,0,0.00,0.00,0.00,0,0,
1770824072560,0,gNB,1,0,0,0.00,0.00,0.00,0,0,
1770824073560,-1,gNB,1,0,0,0.00,0.00,0.00,0,0,
1770824074560,1,gNB,1,0,0,0.00,27.98,251.23,0,26,
1770824075560,0,gNB,1,0,2,0.00,4.90,2327.45,0,99,
1770824076560,0,gNB,1,0,5,0.00,4.97,5205.72,0,99,
1770824077560,0,gNB,1,0,6,0.00,5.11,6946.80,0,82,
1770824078560,2,gNB,1,0,4,0.00,5.35,4401.70,0,39,
1770824079560,-2,gNB,1,0,4,0.00,5.38,4635.50,0,34,
1770824080560,0,gNB,1,0,4,0.00,5.40,4472.58,0,32,
1770824081560,0,gNB,1,0,4,0.00,5.33,4530.30,0,33,
1770824082560,0,gNB,1,0,4,0.00,5.33,4501.21,0,34,
1770824083560,0,gNB,1,0,4,0.00,5.42,4415.67,0,32,
1770824084560,0,gNB,1,0,3,0.00,5.33,3722.36,0,30,
1770824085560,0,gNB,1,0,1,0.00,5.38,1146.75,0,17,
1770824086560,0,gNB,1,0,0,0.00,5.30,986.72,0,13,
1770824087560,0,gNB,1,0,0,0.00,0.00,0.00,0,0,
1770824088560,0,gNB,1,0,0,0.00,0.00,0.00,0,0,
1770824089560,1,gNB,1,0,0,0.00,0.00,0.00,0,0,
1770824090560,1,gNB,1,0,0,0.00,0.00,0.00,0,0,
1770824091560,0,gNB,1,0,0,0.00,0.00,0.00,0,0,
1770824092560,1,gNB,1,0,0,0.00,0.00,0.00,0,0,
1770824093560,1,gNB,1,0,0,0.00,0.00,0.00,0,0,
1770824094560,0,gNB,1,0,0,0.00,0.00,0.00,0,0,
1770824095560,-1,gNB,1,0,0,0.00,0.00,0.00,0,0,
1770824096560,1,gNB,1,0,0,0.00,0.00,0.00,0,0,
1770824097560,0,gNB,1,0,0,0.00,0.00,0.00,0,0,
1770824098560,0,gNB,1,0,0,0.00,0.00,0.00,0,0,
1770824099560,0,gNB,1,0,0,0.00,0.00,0.00,0,0,
1770824100560,0,gNB,1,0,0,0.00,0.00,0.00,0,0,
1770824101560,0,gNB,1,0,0,724.11,625.85,28.42,1,4,
1770824102560,3,gNB,1,4,0,558.53,4283.50,5.14,8,1,
1770824103560,2,gNB,1,4,0,717.09,4271.38,5.22,6,1,
1770824104560,-5,gNB,1,4,0,723.49,4283.42,5.19,6,0,
1770824105560,0,gNB,1,4,0,732.31,4283.50,5.13,6,0,
1770824106560,0,gNB,1,4,0,763.22,4283.46,5.18,6,0,
1770824107560,-1,gNB,1,4,0,535.26,4283.58,5.19,6,0,
1770824108560,0,gNB,1,4,0,549.50,4295.53,5.19,6,0,
1770824109560,0,gNB,1,4,0,852.19,4271.46,5.19,6,0,
1770824110560,1,gNB,1,4,0,764.00,4283.58,5.17,6,0,
1770824111560,0,gNB,1,4,0,767.22,4283.42,5.17,6,0,
1770824112560,0,gNB,1,4,0,820.05,4283.50,5.15,6,0,
1770824113560,1,gNB,1,4,0,803.20,4283.46,5.15,6,0,
1770824114560,0,gNB,1,4,0,590.20,4283.50,5.18,6,0,
1770824115560,1,gNB,1,4,0,659.20,4283.42,5.62,6,0,
1770824116560,0,gNB,1,3,0,812.90,3826.24,5.17,5,0,
1770824117560,1,gNB,1,1,0,726.80,1191.23,5.19,1,0,
1770824118560,0,gNB,1,1,0,948.00,1070.91,5.17,1,0,
1770824119560,1,gNB,1,0,0,0.00,0.00,0.00,0,0,
1770824120560,0,gNB,1,0,0,0.00,0.00,0.00,0,0,
1770824121560,0,gNB,1,0,0,0.00,0.00,0.00,0,0,
1770824122560,1,gNB,1,0,0,0.00,0.00,0.00,0,0,
1770824123560,0,gNB,1,0,0,0.00,0.00,0.00,0,0,
1770824123560,0,gNB,2,0,0,0.00,0.02,0.43,0,5,
1770824124560,0,gNB,1,0,0,0.00,0.00,0.00,0,0,
1770824124560,0,gNB,2,0,0,0.00,0.00,0.00,0,0,
1770824125560,0,gNB,1,0,0,0.00,0.00,0.00,0,0,
1770824125560,0,gNB,2,0,0,0.00,0.00,0.00,0,0,
1770824126560,0,gNB,1,0,0,0.00,0.00,0.00,0,0,
1770824126560,0,gNB,2,0,0,0.00,0.00,0.00,0,0,
1770824127560,0,gNB,1,0,0,0.00,0.00,0.00,0,0,
1770824127560,0,gNB,2,0,0,0.00,0.00,0.00,0,0,
1770824128560,0,gNB,1,0,0,0.00,0.00,0.00,0,0,
1770824128560,0,gNB,2,0,0,0.00,0.02,0.43,0,0,
1770824129560,0,gNB,1,0,0,0.00,0.00,0.00,0,0,
1770824129560,0,gNB,2,0,0,0.00,0.00,0.00,0,0,
1770824130560,0,gNB,1,0,0,0.00,0.00,0.00,0,0,
1770824130560,0,gNB,2,0,0,0.00,0.00,0.00,0,0,
1770824131560,0,gNB,1,0,0,0.00,0.00,0.00,0,0,
1770824131560,0,gNB,2,0,0,0.00,0.00,0.00,0,0,
1770824132560,0,gNB,1,0,0,0.00,0.00,0.00,0,0,
1770824132560,0,gNB,2,0,0,0.00,0.00,0.00,0,0,
1770824133560,1,gNB,1,0,0,0.00,0.00,0.00,0,0,
1770824133560,1,gNB,2,0,0,0.00,0.00,0.00,0,0,
1770824134560,-1,gNB,1,0,0,0.00,28.08,847.02,0,92,
1770824134560,-1,gNB,2,0,0,0.00,0.00,0.00,0,0,
1770824135560,-1,gNB,1,0,2,0.00,4.80,2032.52,0,98,
1770824135560,-1,gNB,2,0,0,0.00,0.00,0.00,0,0,
1770824136560,0,gNB,1,0,3,0.00,4.87,3322.21,0,98,
1770824136560,0,gNB,2,0,0,0.00,0.00,0.00,0,0,
1770824137560,0,gNB,1,0,4,0.00,4.90,5027.32,0,98,
1770824137560,0,gNB,2,0,0,0.00,0.02,0.47,0,0,
1770824138560,0,gNB,1,0,6,0.00,4.94,6734.99,0,98,
1770824138560,0,gNB,2,0,0,0.00,0.00,0.00,0,0,
1770824139570,11,gNB,1,0,9,0.00,5.04,9397.65,0,98,
1770824139570,11,gNB,2,0,0,0.00,0.00,0.00,0,0,
1770824140570,1,gNB,1,0,12,0.00,5.18,12229.95,0,98,
1770824140570,1,gNB,2,0,0,0.00,0.00,0.00,0,0,
1770824141570,-5,gNB,1,0,7,0.00,4.99,7273.94,0,50,
1770824141570,-5,gNB,2,0,0,0.00,0.00,0.00,0,0,
1770824142560,-5,gNB,1,0,11,0.00,5.16,11842.03,0,98,
1770824142560,-5,gNB,2,0,0,0.00,0.00,0.00,0,0,
1770824143560,-1,gNB,1,0,7,0.00,5.09,7953.86,0,76,
1770824143560,-1,gNB,2,0,0,0.00,0.00,0.00,0,0,
1770824144560,-1,gNB,1,0,6,0.00,5.06,6805.19,0,63,
1770824144560,-1,gNB,2,0,0,0.00,0.00,0.00,0,0,
1770824145560,0,gNB,1,0,6,0.00,5.06,6602.38,0,63,
1770824145560,0,gNB,2,0,0,0.00,0.00,0.00,0,0,
1770824146560,0,gNB,1,0,6,0.00,4.99,6608.60,0,50,
1770824146560,0,gNB,2,0,0,0.00,0.00,0.00,0,0,
1770824147560,0,gNB,1,0,6,0.00,5.06,6819.31,0,56,
1770824147560,1,gNB,2,0,0,0.00,0.00,0.00,0,0,
1770824148560,2,gNB,1,0,6,0.00,5.06,6600.98,0,55,
1770824148560,2,gNB,2,0,0,0.00,0.00,0.00,0,0,
1770824149560,-2,gNB,1,0,6,0.00,5.04,6530.14,0,56,
1770824149560,-1,gNB,2,0,0,0.00,0.00,0.00,0,0,
1770824150560,0,gNB,1,0,7,0.00,4.97,7214.10,0,53,
1770824150560,0,gNB,2,0,0,0.00,0.00,0.00,0,0,
1770824151560,1,gNB,1,0,6,0.00,5.09,6487.09,0,56,
1770824151560,1,gNB,2,0,0,0.00,0.00,0.00,0,0,
1770824152560,0,gNB,1,0,6,0.00,5.09,6860.40,0,58,
1770824152560,0,gNB,2,0,0,0.00,0.00,0.00,0,0,
1770824153560,1,gNB,1,0,6,0.00,5.09,6644.66,0,58,
1770824153560,1,gNB,2,0,0,0.00,0.00,0.00,0,0,
1770824154570,12,gNB,1,0,1,0.00,5.06,1370.18,0,20,
1770824154570,12,gNB,2,0,0,0.00,0.00,0.00,0,0,
1770824155560,-13,gNB,1,0,1,0.00,5.06,1216.17,0,19,
1770824155560,-13,gNB,2,0,0,0.00,0.00,0.00,0,0,
1770824156560,2,gNB,1,0,0,0.00,4.70,132.70,0,3,
1770824156560,2,gNB,2,0,0,0.00,0.02,0.47,0,0,
1770824157560,-2,gNB,1,0,0,0.00,0.00,0.00,0,0,
1770824157560,-2,gNB,2,0,0,0.00,0.00,0.00,0,0,
1770824158560,0,gNB,1,0,0,0.00,0.00,0.00,0,0,
1770824158560,1,gNB,2,0,0,0.00,0.00,0.00,0,0,
1770824159560,1,gNB,1,0,0,0.00,0.00,0.00,0,0,
1770824159560,1,gNB,2,0,0,0.00,0.00,0.00,0,0,
1770824160560,0,gNB,1,0,0,0.00,0.00,0.00,0,0,
1770824160560,0,gNB,2,0,0,0.00,0.00,0.00,0,0,
1770824161560,0,gNB,1,0,0,0.00,0.00,0.00,0,0,
1770824161560,0,gNB,2,0,0,0.00,0.00,0.00,0,0,
1770824162560,0,gNB,1,0,0,0.00,0.00,0.00,0,0,
1770824162560,0,gNB,2,0,0,0.00,0.00,0.00,0,0,
1770824163560,0,gNB,1,0,0,0.00,0.00,0.00,0,0,
1770824163560,0,gNB,2,0,0,0.00,0.00,0.00,0,0,
1770824164560,0,gNB,1,0,0,0.00,0.00,0.00,0,0,
1770824164560,0,gNB,2,0,0,0.00,0.00,0.00,0,0,
1770824165560,0,gNB,1,0,0,0.00,0.00,0.00,0,0,
1770824165560,0,gNB,2,0,0,0.00,0.00,0.00,0,0,
1770824166560,0,gNB,1,0,0,0.00,0.00,0.00,0,0,
1770824166560,0,gNB,2,0,0,0.00,0.00,0.00,0,0,
1770824167560,0,gNB,1,0,0,0.00,0.00,0.00,0,0,
1770824167560,0,gNB,2,0,0,0.00,0.00,0.00,0,0,
1770824168560,0,gNB,1,0,0,0.00,0.00,0.00,0,0,
1770824168560,0,gNB,2,0,0,0.00,0.00,0.00,0,0,
1770824169560,0,gNB,1,0,0,0.00,0.00,0.00,0,0,
1770824169560,0,gNB,2,0,0,0.00,0.00,0.00,0,0,
1770824170560,0,gNB,1,0,0,0.00,0.00,0.00,0,0,
1770824170560,0,gNB,2,0,0,0.00,0.00,0.00,0,0,
1770824171560,0,gNB,1,6,0,1126.03,6522.45,28.66,20,7,
1770824171560,0,gNB,2,0,0,0.00,0.00,0.00,0,0,
1770824172560,-1,gNB,1,7,0,967.05,7328.47,4.98,17,2,
1770824172560,-1,gNB,2,0,0,0.00,0.00,0.00,0,0,
1770824173560,0,gNB,1,7,0,1232.81,7304.21,5.05,16,1,
1770824173560,0,gNB,2,0,0,0.00,0.00,0.00,0,0,
1770824174560,0,gNB,1,7,0,1179.92,7337.74,5.05,16,1,
1770824174560,0,gNB,2,0,0,0.00,0.00,0.00,0,0,
1770824175560,1,gNB,1,7,0,1104.90,7318.89,5.07,15,1,
1770824175560,1,gNB,2,0,0,0.00,0.00,0.00,0,0,
1770824176560,-1,gNB,1,7,0,1183.92,7316.28,5.05,16,1,
1770824176560,-1,gNB,2,0,0,0.00,0.00,0.00,0,0,
1770824177560,1,gNB,1,7,0,1122.66,7328.35,5.02,16,0,
1770824177560,1,gNB,2,0,0,0.00,0.00,0.00,0,0,
1770824178560,-1,gNB,1,7,0,1221.20,7328.31,5.02,16,0,
1770824178560,-1,gNB,2,0,0,0.00,0.00,0.00,0,0,
1770824179560,0,gNB,1,7,0,1071.34,7328.31,5.07,16,0,
1770824179560,0,gNB,2,0,0,0.00,0.00,0.00,0,0,
1770824180570,9,gNB,1,7,0,1139.31,7316.24,5.05,16,0,
1770824180570,9,gNB,2,0,0,0.00,0.00,0.00,0,0,
1770824181560,-2,gNB,1,7,0,1196.03,7316.24,5.03,16,0,
1770824181560,-1,gNB,2,0,0,0.00,0.00,0.00,0,0,
1770824182580,18,gNB,1,7,0,1190.32,7388.47,5.05,16,0,
1770824182580,18,gNB,2,0,0,0.00,0.00,0.00,0,0,
1770824183560,-19,gNB,1,7,0,1327.89,7256.28,5.02,16,0,
1770824183560,-19,gNB,2,0,0,0.00,0.00,0.00,0,0,
1770824184560,1,gNB,1,7,0,1240.90,7340.29,6.60,17,1,
1770824184560,1,gNB,2,0,0,0.00,0.00,0.00,0,0,
1770824185560,-1,gNB,1,1,0,901.10,1841.00,5.07,4,0,
1770824185560,-1,gNB,2,0,0,0.00,0.00,0.00,0,0,
1770824186560,0,gNB,1,1,0,827.50,1179.16,5.05,2,0,
1770824186560,0,gNB,2,0,0,0.00,0.00,0.00,0,0,
1770824187560,1,gNB,1,0,0,0.00,192.54,4.81,0,0,
1770824187560,1,gNB,2,0,0,0.00,0.00,0.00,0,0,
1770824188560,-1,gNB,1,0,0,0.00,0.00,0.00,0,0,
1770824188560,-1,gNB,2,0,0,0.00,0.00,0.00,0,0,
1770824189560,1,gNB,1,0,0,0.00,0.00,0.00,0,0,
1770824189560,1,gNB,2,0,0,0.00,0.00,0.00,0,0,
1770824190560,0,gNB,1,0,0,0.00,0.00,0.00,0,0,
1770824190560,0,gNB,2,0,0,0.00,0.00,0.00,0,0,
1770824191560,0,gNB,1,0,0,0.00,0.00,0.00,0,0,
1770824191560,0,gNB,2,0,0,0.00,0.02,0.43,0,1,
1770824192570,8,gNB,1,0,0,0.00,0.00,0.00,0,0,
1770824192570,8,gNB,2,0,0,0.00,0.00,0.00,0,0,
1770824193560,-8,gNB,1,0,0,0.00,0.00,0.00,0,0,
1770824193560,-8,gNB,2,0,0,0.00,0.00,0.00,0,0,
1770824194560,0,gNB,1,0,0,0.00,0.00,0.00,0,0,
1770824194560,0,gNB,2,0,0,0.00,0.00,0.00,0,0,
1770824195560,-1,gNB,1,0,0,0.00,0.00,0.00,0,0,
1770824195560,-1,gNB,2,0,0,0.00,0.00,0.00,0,0,
1770824196560,1,gNB,1,0,0,0.00,0.00,0.00,0,0,
1770824196560,1,gNB,2,0,0,0.00,0.00,0.00,0,0,
1770824197560,0,gNB,1,0,0,0.00,0.00,0.00,0,0,
1770824197560,0,gNB,2,0,0,0.00,0.00,0.00,0,0,
1770824198560,0,gNB,1,0,0,0.00,0.00,0.00,0,0,
1770824198560,0,gNB,2,0,0,0.00,0.00,0.00,0,0,
1770824199560,0,gNB,1,0,0,0.00,0.00,0.00,0,0,
1770824199560,0,gNB,2,0,0,0.00,0.00,0.00,0,0,
1770824200560,0,gNB,1,0,0,0.00,0.00,0.00,0,0,
1770824200560,0,gNB,2,0,0,0.00,0.00,0.00,0,0,
1770824201560,0,gNB,1,0,0,0.00,0.00,0.00,0,0,
1770824201560,0,gNB,2,0,0,0.00,0.00,0.00,0,0,
1770824202560,0,gNB,1,0,0,0.00,28.03,516.54,0,68,
1770824202560,0,gNB,2,0,0,0.00,0.00,0.00,0,0,
1770824203560,-1,gNB,1,0,1,0.00,4.82,1619.78,0,98,
1770824203560,-1,gNB,2,0,0,0.00,0.00,0.00,0,0,
1770824204560,0,gNB,1,0,2,0.00,4.85,2975.62,0,99,
1770824204560,0,gNB,2,0,0,0.00,0.00,0.00,0,0,
1770824205560,0,gNB,1,0,4,0.00,4.90,4495.92,0,98,
1770824205560,0,gNB,2,0,0,0.00,0.00,0.00,0,0,
1770824206560,1,gNB,1,0,6,0.00,4.92,6266.08,0,99,
1770824206560,1,gNB,2,0,0,0.00,0.00,0.00,0,0,
1770824207560,0,gNB,1,0,8,0.00,5.02,8160.56,0,98,
1770824207560,0,gNB,2,0,0,0.00,0.00,0.00,0,0,
1770824208560,1,gNB,1,0,11,0.00,5.11,11100.49,0,98,
1770824208560,1,gNB,2,0,0,0.00,0.00,0.00,0,0,
1770824209560,-1,gNB,1,0,9,0.00,5.04,9064.01,0,65,
1770824209560,-1,gNB,2,0,0,0.00,0.00,0.00,0,0,
1770824210560,-1,gNB,1,0,11,0.00,5.14,11426.73,0,86,
1770824210560,-1,gNB,2,0,0,0.00,0.00,0.00,0,0,
1770824211560,0,gNB,1,0,8,0.00,5.09,8363.83,0,72,
1770824211560,0,gNB,2,0,0,0.00,0.00,0.00,0,0,
1770824212560,1,gNB,1,0,6,0.00,5.09,6615.88,0,60,
1770824212560,1,gNB,2,0,0,0.00,0.00,0.00,0,0,
1770824213560,0,gNB,1,0,6,0.00,5.06,6589.86,0,59,
1770824213560,0,gNB,2,0,0,0.00,0.00,0.00,0,0,
1770824214560,1,gNB,1,0,6,0.00,4.99,6517.33,0,49,
1770824214560,1,gNB,2,0,0,0.00,0.00,0.00,0,0,
1770824215560,0,gNB,1,0,6,0.00,5.02,6494.15,0,53,
1770824215560,0,gNB,2,0,0,0.00,0.00,0.00,0,0,
1770824216560,0,gNB,1,0,6,0.00,5.04,6456.26,0,53,
1770824216560,0,gNB,2,0,0,0.00,0.00,0.00,0,0,
1770824217560,-1,gNB,1,0,6,0.00,5.02,6806.62,0,56,
1770824217560,-1,gNB,2,0,0,0.00,0.00,0.00,0,0,
1770824218560,0,gNB,1,0,6,0.00,5.02,6445.46,0,50,
1770824218560,1,gNB,2,0,0,0.00,0.00,0.00,0,0,
1770824219560,1,gNB,1,0,4,0.00,4.85,4686.86,0,35,
1770824219560,1,gNB,2,0,0,0.00,28.29,563.94,1,62,
1770824220560,1,gNB,1,0,5,0.00,4.90,5639.56,0,45,
1770824220560,1,gNB,2,0,1,0.00,4.79,1094.14,0,53,
1770824221560,-2,gNB,1,0,6,0.00,4.92,6242.73,0,46,
1770824221560,-2,gNB,2,0,1,0.00,4.84,1760.61,0,52,
1770824222560,0,gNB,1,0,4,0.00,4.85,4526.79,0,35,
1770824222560,1,gNB,2,0,2,0.00,4.84,2758.53,0,53,
1770824223560,0,gNB,1,0,2,0.00,5.02,2551.81,0,28,
1770824223560,1,gNB,2,0,5,0.00,4.94,5156.38,0,70,
1770824224560,0,gNB,1,0,0,0.00,4.85,446.17,0,8,
1770824224560,0,gNB,2,0,8,0.00,5.06,8829.70,0,90,
1770824225560,6,gNB,1,0,0,0.00,0.00,0.00,0,0,
1770824225560,6,gNB,2,0,12,0.00,5.16,12257.15,0,99,
1770824226560,-4,gNB,1,0,0,0.00,0.00,0.00,0,0,
1770824226560,-4,gNB,2,0,7,0.00,4.99,8033.41,0,54,
1770824227560,1,gNB,1,0,0,0.00,0.00,0.00,0,0,
1770824227560,1,gNB,2,0,7,0.00,5.11,7694.67,0,66,
1770824228560,-1,gNB,1,0,0,0.00,0.00,0.00,0,0,
1770824228560,-1,gNB,2,0,5,0.00,5.09,5388.98,0,54,
1770824229560,2,gNB,1,0,0,0.00,0.00,0.00,0,0,
1770824229560,2,gNB,2,0,5,0.00,5.06,5412.53,0,55,
1770824230560,3,gNB,1,0,0,0.00,0.00,0.00,0,0,
1770824230560,4,gNB,2,0,5,0.00,5.04,5310.22,0,52,
1770824231560,-4,gNB,1,0,0,0.00,0.00,0.00,0,0,
1770824231560,-4,gNB,2,0,5,0.00,4.97,5301.06,0,41,
1770824232560,0,gNB,1,0,0,0.00,0.00,0.00,0,0,
1770824232560,0,gNB,2,0,5,0.00,5.06,5609.58,0,51,
1770824233560,1,gNB,1,0,0,0.00,0.00,0.00,0,0,
1770824233560,1,gNB,2,0,5,0.00,5.06,5259.49,0,49,
1770824234560,1,gNB,1,0,0,0.00,0.00,0.00,0,0,
1770824234560,1,gNB,2,0,5,0.00,5.06,5411.03,0,48,
1770824235560,-1,gNB,1,0,0,0.00,0.00,0.00,0,0,
1770824235560,-1,gNB,2,0,5,0.00,4.92,5234.54,0,42,
1770824236580,18,gNB,1,0,0,0.00,0.00,0.00,0,0,
1770824236580,18,gNB,2,0,5,0.00,5.04,5545.19,0,53,
1770824237560,-18,gNB,1,0,0,0.00,0.00,0.00,0,0,
1770824237560,-18,gNB,2,0,5,0.00,5.09,5371.26,0,51,
1770824238560,0,gNB,1,0,0,0.00,0.00,0.00,0,0,
1770824238560,0,gNB,2,0,5,0.00,5.04,5328.10,0,50,
1770824239570,9,gNB,1,4,0,1304.33,4801.47,28.56,20,7,
1770824239570,9,gNB,2,0,5,0.00,4.99,5121.52,0,48,
1770824240560,-9,gNB,1,7,0,1226.25,7990.27,5.02,25,1,
1770824240560,-9,gNB,2,0,5,0.00,5.02,5490.15,0,42,
1770824241570,13,gNB,1,7,0,1135.74,8002.10,5.06,20,1,
1770824241570,13,gNB,2,0,5,0.00,5.04,5468.29,0,51,
1770824242560,-13,gNB,1,7,0,1635.09,7978.24,5.09,17,1,
1770824242560,-13,gNB,2,0,5,0.00,5.06,5472.34,0,48,
1770824243560,1,gNB,1,7,0,1273.43,8002.34,5.05,18,1,
1770824243560,1,gNB,2,0,5,0.00,5.04,5321.44,0,47,
1770824244560,0,gNB,1,7,0,937.24,7978.20,4.98,17,0,
1770824244560,0,gNB,2,0,5,0.00,4.97,5179.90,0,39,
1770824245570,10,gNB,1,8,0,1286.91,8062.62,5.05,18,0,
1770824245570,10,gNB,2,0,5,0.00,5.04,5588.52,0,52,
1770824246560,-11,gNB,1,7,0,1286.62,7929.87,5.02,18,0,
1770824246560,-11,gNB,2,0,5,0.00,5.04,5403.82,0,55,
1770824247560,0,gNB,1,7,0,1182.55,8014.18,5.05,17,0,
1770824247560,0,gNB,2,0,5,0.00,5.02,5187.99,0,48,
1770824248560,0,gNB,1,7,0,1169.28,7990.07,5.07,17,0,
1770824248560,0,gNB,2,0,5,0.00,4.99,5288.64,0,43,
1770824249560,1,gNB,1,7,0,1361.62,7990.15,5.02,17,0,
1770824249560,1,gNB,2,0,5,0.00,5.02,5373.56,0,45,
1770824250560,0,gNB,1,7,0,1884.59,8014.34,5.02,18,0,
1770824250560,0,gNB,2,0,1,0.00,5.02,1734.96,0,25,
1770824251560,1,gNB,1,7,0,1246.84,7966.09,5.05,17,0,
1770824251560,1,gNB,2,0,1,0.00,5.06,1145.42,0,18,
1770824252560,4,gNB,1,7,0,1180.24,8050.59,5.02,18,0,
1770824252560,4,gNB,2,0,0,0.00,4.73,217.04,0,4,
1770824253560,-6,gNB,1,7,0,1230.30,7954.22,5.07,17,0,
1770824253560,-6,gNB,2,0,0,0.00,0.00,0.00,0,0,
1770824254560,2,gNB,1,7,0,1242.89,7990.27,5.02,17,0,
1770824254560,2,gNB,2,1,0,893.18,1383.74,28.13,3,1,
1770824255580,19,gNB,1,7,0,1092.82,7977.74,5.48,17,0,
1770824255580,19,gNB,2,5,0,1000.18,5354.62,5.05,11,0,
1770824256570,-13,gNB,1,7,0,1276.53,8014.58,5.00,18,0,
1770824256570,-12,gNB,2,5,0,642.84,5378.93,4.98,12,0,
1770824257570,3,gNB,1,7,0,1440.19,7965.73,5.05,17,0,
1770824257570,3,gNB,2,5,0,1012.19,5364.21,5.02,11,0,
1770824258560,-10,gNB,1,7,0,1295.27,8025.67,5.78,17,0,
1770824258560,-10,gNB,2,5,0,951.43,5369.50,5.05,11,0,
1770824259560,0,gNB,1,3,0,1163.00,3898.63,5.05,8,0,
1770824259560,0,gNB,2,5,0,986.76,5354.61,5.48,12,0,
1770824260560,0,gNB,1,1,0,980.10,1191.19,5.05,2,0,
1770824260560,0,gNB,2,5,0,1017.44,5366.70,5.05,12,0,
1770824261560,0,gNB,1,0,0,0.00,529.43,4.88,1,0,
1770824261560,0,gNB,2,5,0,1002.49,5366.74,5.02,12,0,
1770824262560,0,gNB,1,0,0,0.00,0.00,0.00,0,0,
1770824262560,0,gNB,2,5,0,1164.70,5366.90,5.01,12,0,
1770824263560,0,gNB,1,0,0,0.00,0.00,0.00,0,0,
1770824263560,1,gNB,2,5,0,1009.11,5366.74,5.02,12,0,
1770824264560,0,gNB,1,0,0,0.00,0.00,0.00,0,0,
1770824264560,0,gNB,2,5,0,1027.52,5354.78,5.05,12,0,
1770824265560,0,gNB,1,0,0,0.00,0.00,0.00,0,0,
1770824265560,0,gNB,2,5,0,960.83,5378.89,5.05,12,0,
1770824266560,0,gNB,1,0,0,0.00,0.00,0.00,0,0,
1770824266560,0,gNB,2,5,0,1008.96,5354.78,5.05,11,0,
1770824267560,0,gNB,1,0,0,0.00,0.00,0.00,0,0,
1770824267560,0,gNB,2,5,0,985.94,5366.70,5.05,12,0,
1770824268560,0,gNB,1,0,0,0.00,0.00,0.00,0,0,
1770824268560,0,gNB,2,5,0,1087.56,5354.74,5.02,11,0,
1770824269560,0,gNB,1,0,0,0.00,0.00,0.00,0,0,
1770824269560,0,gNB,2,5,0,682.29,5378.95,6.48,12,1,
1770824270560,1,gNB,1,0,0,0.00,0.00,0.00,0,0,
1770824270560,1,gNB,2,5,0,986.98,5366.82,5.05,11,0,
1770824271560,-1,gNB,1,0,0,0.00,0.00,0.00,0,0,
1770824271560,-1,gNB,2,5,0,1128.44,5354.78,5.02,12,0,
1770824272560,1,gNB,1,0,0,0.00,0.00,0.00,0,0,
1770824272560,1,gNB,2,5,0,1018.28,5366.82,5.05,12,0,
1770824273560,0,gNB,1,0,0,0.00,0.00,0.00,0,0,
1770824273560,0,gNB,2,5,0,985.69,5366.78,5.01,12,0,
1770824274560,-1,gNB,1,0,0,0.00,0.00,0.00,0,0,
1770824274560,-1,gNB,2,5,0,1062.98,5366.94,5.05,11,0,
1770824275560,0,gNB,1,0,0,0.00,0.00,0.00,0,0,
1770824275560,0,gNB,2,5,0,932.45,5354.66,5.05,12,0,
1770824276560,1,gNB,1,0,0,0.00,27.96,265.98,0,40,
1770824276560,1,gNB,2,5,0,1189.82,5376.32,5.02,12,0,
1770824277560,0,gNB,1,0,1,0.00,4.82,1271.31,0,98,
1770824277560,1,gNB,2,5,0,995.20,5357.43,5.01,12,0,
1770824278560,0,gNB,1,0,2,0.00,4.85,2689.41,0,98,
1770824278560,0,gNB,2,5,0,1028.75,5366.90,5.01,11,0,
1770824279560,0,gNB,1,0,3,0.00,4.87,3857.29,0,97,
1770824279560,0,gNB,2,5,0,911.27,5366.78,5.05,12,0,
1770824280560,2,gNB,1,0,5,0.00,4.92,5988.87,0,98,
1770824280560,2,gNB,2,5,0,941.23,5366.78,5.01,12,0,
1770824281560,-2,gNB,1,0,7,0.00,4.99,7538.82,0,98,
1770824281560,-2,gNB,2,5,0,1024.25,5342.75,5.05,12,0,
1770824282560,1,gNB,1,0,10,0.00,5.06,10350.38,0,98,
1770824282560,1,gNB,2,5,0,1519.62,5391.16,5.02,12,0,
1770824283560,1,gNB,1,0,10,0.00,5.11,10717.02,0,77,
1770824283560,1,gNB,2,5,0,1481.60,5342.83,5.09,11,0,
1770824284560,1,gNB,1,0,8,0.00,5.11,8670.51,0,66,
1770824284560,1,gNB,2,5,0,934.85,5366.82,5.02,12,0,
1770824285560,-1,gNB,1,0,5,0.00,5.04,5660.94,0,48,
1770824285560,-1,gNB,2,5,0,1073.70,5378.93,5.05,12,0,
1770824286560,1,gNB,1,0,6,0.00,5.02,6462.94,0,55,
1770824286560,1,gNB,2,5,0,982.23,5354.62,5.05,12,0,
1770824287560,1,gNB,1,0,5,0.00,4.99,5648.35,0,47,
1770824287560,1,gNB,2,5,0,965.62,5366.74,4.98,12,0,
1770824288560,-1,gNB,1,0,6,0.00,5.02,6026.51,0,49,
1770824288560,-1,gNB,2,5,0,1646.85,5378.97,4.98,12,0,
1770824289560,-1,gNB,1,0,5,0.00,4.92,5450.21,0,52,
1770824289560,-1,gNB,2,5,0,1559.38,5354.98,4.98,13,0,
1770824290560,1,gNB,1,0,6,0.00,4.94,6890.93,0,85,
1770824290560,1,gNB,2,5,0,1490.29,5354.86,4.95,16,0,
1770824291560,0,gNB,1,0,6,0.00,4.92,6158.34,0,90,
1770824291560,0,gNB,2,5,0,1636.72,5379.01,4.95,16,1,
1770824292560,1,gNB,1,0,3,0.00,4.94,3810.05,0,59,
1770824292560,1,gNB,2,5,0,1501.54,5366.82,4.95,16,1,
1770824293560,1,gNB,1,0,1,0.00,4.94,1169.29,0,31,
1770824293560,1,gNB,2,5,0,1661.93,5355.02,4.91,17,0,
1770824294560,1,gNB,1,0,0,0.00,0.22,794.38,0,18,
1770824294560,1,gNB,2,5,0,1639.93,5366.94,4.95,17,1,
1770824294560,1,gNB,3,0,0,0.00,0.02,0.47,0,6,
1770824295560,-1,gNB,1,0,0,0.00,0.00,0.00,0,0,
1770824295560,-1,gNB,2,5,0,1672.55,5342.79,4.95,16,1,
1770824295560,-1,gNB,3,0,0,0.00,0.00,0.00,0,0,
1770824296560,0,gNB,1,0,0,0.00,0.00,0.00,0,0,
1770824296560,0,gNB,2,5,0,1424.00,5366.90,4.93,16,0,
1770824296560,0,gNB,3,0,0,0.00,0.00,0.00,0,0,
1770824297560,-1,gNB,1,0,0,0.00,0.00,0.00,0,0,
1770824297560,-1,gNB,2,5,0,1434.11,5379.01,4.95,17,0,
1770824297560,-1,gNB,3,0,0,0.00,0.00,0.00,0,0,
1770824298560,1,gNB,1,0,0,0.00,0.00,0.00,0,0,
1770824298560,1,gNB,2,5,0,1425.63,5366.90,4.94,16,0,
1770824298560,1,gNB,3,0,0,0.00,0.02,0.43,0,1,
1770824299560,0,gNB,1,0,0,0.00,0.00,0.00,0,0,
1770824299560,0,gNB,2,5,0,1634.89,5354.86,4.95,17,1,
1770824299560,0,gNB,3,0,0,0.00,0.00,0.00,0,0,
1770824300560,0,gNB,1,0,0,0.00,0.00,0.00,0,0,
1770824300560,0,gNB,2,5,0,1533.07,5379.09,4.95,17,0,
1770824300560,0,gNB,3,0,0,0.00,0.00,0.00,0,0,
1770824301560,0,gNB,1,0,0,0.00,0.00,0.00,0,0,
1770824301560,0,gNB,2,5,0,1474.32,5366.98,4.95,16,0,
1770824301560,0,gNB,3,0,0,0.00,0.00,0.00,0,0,
1770824302560,-1,gNB,1,0,0,0.00,0.00,0.00,0,0,
1770824302560,-1,gNB,2,5,0,1347.75,5342.83,4.95,17,1,
1770824302560,-1,gNB,3,0,0,0.00,0.00,0.00,0,0,
1770824303560,1,gNB,1,0,0,0.00,0.00,0.00,0,0,
1770824303560,1,gNB,2,5,0,1599.50,5366.90,4.95,17,1,
1770824303560,1,gNB,3,0,0,0.00,0.00,0.00,0,0,
1770824304560,0,gNB,1,0,0,0.00,0.00,0.00,0,0,
1770824304560,1,gNB,2,5,0,1608.93,5367.10,4.93,16,0,
1770824304560,1,gNB,3,0,0,0.00,0.00,0.00,0,0,
1770824305560,1,gNB,1,0,0,0.00,0.00,0.00,0,0,
1770824305560,1,gNB,2,5,0,1839.52,5379.05,4.91,16,0,
1770824305560,1,gNB,3,0,0,0.00,0.00,0.00,0,0,
1770824306560,0,gNB,1,0,0,0.00,0.00,0.00,0,0,
1770824306560,0,gNB,2,5,0,1695.11,5366.90,4.98,16,0,
1770824306560,0,gNB,3,0,0,0.00,0.02,0.43,0,1,
1770824307560,0,gNB,1,0,0,0.00,0.00,0.00,0,0,
1770824307560,0,gNB,2,5,0,1621.53,5366.86,4.91,16,0,
1770824307560,0,gNB,3,0,0,0.00,0.00,0.00,0,0,
1770824308560,1,gNB,1,0,0,0.00,0.00,0.00,0,0,
1770824308560,1,gNB,2,5,0,1676.72,5366.86,4.95,16,0,
1770824308560,1,gNB,3,0,0,0.00,0.00,0.00,0,0,
1770824309560,0,gNB,1,3,0,3371.29,3225.68,28.41,11,8,
1770824309560,0,gNB,2,5,0,1787.15,5355.18,4.95,17,0,
1770824309560,0,gNB,3,0,0,0.00,0.00,0.00,0,0,
1770824310560,0,gNB,1,9,0,2071.22,9616.43,4.89,31,3,
1770824310560,0,gNB,2,5,0,1431.22,5366.90,4.95,16,0,
1770824310560,0,gNB,3,0,0,0.00,0.00,0.00,0,0,
1770824311560,1,gNB,1,9,0,2056.54,9603.68,4.99,29,2,
1770824311560,1,gNB,2,5,0,1636.87,5366.90,4.95,17,0,
1770824311560,1,gNB,3,0,0,0.00,0.00,0.00,0,0,
1770824312560,-1,gNB,1,9,0,2111.61,9579.50,4.99,29,1,
1770824312560,-1,gNB,2,5,0,1521.57,5342.87,4.98,16,0,
1770824312560,-1,gNB,3,0,0,0.00,0.00,0.00,0,0,
1770824313560,0,gNB,1,9,0,2017.71,9639.94,4.95,28,1,
1770824313560,0,gNB,2,5,0,1530.70,5391.04,4.95,16,0,
1770824313560,0,gNB,3,0,0,0.00,0.00,0.00,0,0,
1770824314560,0,gNB,1,9,0,1933.03,9567.14,4.98,28,1,
1770824314560,0,gNB,2,4,0,1871.10,4271.86,4.91,13,0,
1770824314560,0,gNB,3,0,0,0.00,0.00,0.00,0,0,
1770824315560,2,gNB,1,9,0,1815.47,9638.74,4.95,29,1,
1770824315560,2,gNB,2,1,0,1178.09,1179.16,4.95,3,0,
1770824315560,2,gNB,3,0,0,0.00,0.00,0.00,0,0,
1770824316560,-1,gNB,1,9,0,2167.87,9614.03,4.98,28,1,
1770824316560,-1,gNB,2,0,0,0.00,950.55,4.95,2,0,
1770824316560,0,gNB,3,0,0,0.00,0.00,0.00,0,0,
1770824317560,0,gNB,1,9,0,1977.88,9578.66,4.95,30,1,
1770824317560,1,gNB,2,0,0,0.00,0.00,0.00,0,0,
1770824317560,1,gNB,3,0,0,0.00,0.00,0.00,0,0,
1770824318560,-1,gNB,1,9,0,2005.30,9614.31,4.95,28,0,
1770824318560,-1,gNB,2,0,0,0.00,0.00,0.00,0,0,
1770824318560,-1,gNB,3,0,0,0.00,0.00,0.00,0,0,
1770824319560,4,gNB,1,6,0,1589.33,6774.88,4.95,21,0,
1770824319560,4,gNB,2,0,0,0.00,0.00,0.00,0,0,
1770824319560,4,gNB,3,0,0,0.00,0.00,0.00,0,0,
1770824320560,-4,gNB,1,1,0,1463.10,1191.19,4.98,3,0,
1770824320560,-3,gNB,2,0,0,0.00,0.00,0.00,0,0,
1770824320560,-3,gNB,3,0,0,0.00,0.00,0.00,0,0,
1770824321560,0,gNB,1,0,0,0.00,830.23,4.93,2,1,
1770824321560,0,gNB,2,0,0,0.00,0.00,0.00,0,0,
1770824321560,0,gNB,3,0,0,0.00,0.02,0.43,0,1,
1770824322560,1,gNB,1,0,0,0.00,0.00,0.00,0,0,
1770824322560,1,gNB,2,0,0,0.00,0.00,0.00,0,0,
1770824322560,1,gNB,3,0,0,0.00,0.00,0.00,0,0,
1770824323560,0,gNB,1,0,0,0.00,0.00,0.00,0,0,
1770824323560,0,gNB,2,0,0,0.00,0.00,0.00,0,0,
1770824323560,0,gNB,3,0,0,0.00,0.00,0.00,0,0,
1770824324570,13,gNB,1,0,0,0.00,0.00,0.00,0,0,
1770824324570,13,gNB,2,0,0,0.00,0.00,0.00,0,0,
1770824324570,13,gNB,3,0,0,0.00,0.00,0.00,0,0,
1770824325560,-11,gNB,1,0,0,0.00,0.00,0.00,0,0,
1770824325560,-11,gNB,2,0,0,0.00,0.00,0.00,0,0,
1770824325560,-11,gNB,3,0,0,0.00,0.00,0.00,0,0,
1770824326570,5,gNB,1,0,0,0.00,0.00,0.00,0,0,
1770824326570,6,gNB,2,0,0,0.00,0.00,0.00,0,0,
1770824326570,6,gNB,3,0,0,0.00,0.00,0.00,0,0,
1770824327560,-6,gNB,1,0,0,0.00,0.00,0.00,0,0,
1770824327560,-6,gNB,2,0,0,0.00,0.00,0.00,0,0,
1770824327560,-6,gNB,3,0,0,0.00,0.00,0.00,0,0,
1770824328560,-1,gNB,1,0,0,0.00,0.00,0.00,0,0,
1770824328560,-1,gNB,2,0,0,0.00,0.00,0.00,0,0,
1770824328560,-1,gNB,3,0,0,0.00,0.00,0.00,0,0,
1770824329560,0,gNB,1,0,0,0.00,0.00,0.00,0,0,
1770824329560,0,gNB,2,0,0,0.00,0.00,0.00,0,0,
1770824329560,0,gNB,3,0,0,0.00,0.00,0.00,0,0,
1770824330560,0,gNB,1,0,0,0.00,0.00,0.00,0,0,
1770824330560,0,gNB,2,0,0,0.00,0.00,0.00,0,0,
1770824330560,0,gNB,3,0,0,0.00,0.00,0.00,0,0,
1770824331560,1,gNB,1,0,0,0.00,0.00,0.00,0,0,
1770824331560,1,gNB,2,0,0,0.00,0.00,0.00,0,0,
1770824331560,1,gNB,3,0,0,0.00,0.00,0.00,0,0,
1770824332560,-1,gNB,1,0,0,0.00,0.00,0.00,0,0,
1770824332560,-1,gNB,2,0,0,0.00,0.00,0.00,0,0,
1770824332560,-1,gNB,3,0,0,0.00,0.00,0.00,0,0,
1770824333560,0,gNB,1,0,0,0.00,0.00,0.00,0,0,
1770824333560,0,gNB,2,0,0,0.00,0.00,0.00,0,0,
1770824333560,0,gNB,3,0,0,0.00,0.00,0.00,0,0,
1770824334560,-1,gNB,1,0,0,0.00,0.00,0.00,0,0,
1770824334560,-1,gNB,2,0,0,0.00,0.00,0.00,0,0,
1770824334560,-1,gNB,3,0,0,0.00,0.00,0.00,0,0,
1770824335560,1,gNB,1,0,0,0.00,0.00,0.00,0,0,
1770824335560,1,gNB,2,0,0,0.00,0.00,0.00,0,0,
1770824335560,1,gNB,3,0,0,0.00,0.00,0.00,0,0,
1770824336560,0,gNB,1,0,0,814.33,13.97,37.18,0,13,
1770824336560,0,gNB,2,0,0,0.00,0.00,0.00,0,0,
1770824336560,0,gNB,3,0,0,0.00,0.00,0.00,0,0,
1770824337560,0,gNB,1,0,0,1298.00,18.72,413.62,0,98,
1770824337560,1,gNB,2,0,0,0.00,0.00,0.00,0,0,
1770824337560,1,gNB,3,0,0,0.00,0.00,0.00,0,0,
1770824338560,-1,gNB,1,0,0,1147.00,4.75,691.34,0,98,
1770824338560,-1,gNB,2,0,0,0.00,0.00,0.00,0,0,
1770824338560,-1,gNB,3,0,0,0.00,0.00,0.00,0,0,
1770824339560,0,gNB,1,0,1,1503.00,4.75,1073.19,0,98,
1770824339560,1,gNB,2,0,0,0.00,0.00,0.00,0,0,
1770824339560,1,gNB,3,0,0,0.00,0.00,0.00,0,0,
1770824340560,1,gNB,1,0,1,1322.00,4.75,1435.08,0,89,
1770824340560,1,gNB,2,0,0,0.00,0.00,0.00,0,0,
1770824340560,1,gNB,3,0,0,0.00,0.00,0.00,0,0,
1770824340560,2,gNB,4,0,0,0.00,0.00,0.00,0,8,
1770824341560,0,gNB,1,0,1,1037.00,4.78,1849.99,0,97,
1770824341560,0,gNB,2,0,0,0.00,0.00,0.00,0,0,
1770824341560,0,gNB,3,0,0,0.00,0.00,0.00,0,0,
1770824341560,1,gNB,4,0,0,0.00,0.02,0.43,0,1,
1770824342560,-1,gNB,1,0,2,1039.00,4.75,2236.07,0,98,
1770824342560,-1,gNB,2,0,0,0.00,0.00,0.00,0,0,
1770824342560,-1,gNB,3,0,0,0.00,0.00,0.00,0,0,
1770824342560,-1,gNB,4,0,0,0.00,0.00,0.00,0,0,
1770824343560,0,gNB,1,0,2,1443.00,4.80,2989.29,0,98,
1770824343560,1,gNB,2,0,0,0.00,0.00,0.00,0,0,
1770824343560,1,gNB,3,0,0,0.00,0.00,0.00,0,0,
1770824343560,1,gNB,4,0,0,0.00,0.00,0.00,0,0,
1770824344560,1,gNB,1,0,3,423.00,4.82,3428.35,0,97,
1770824344560,1,gNB,2,0,0,0.00,0.00,0.00,0,0,
1770824344560,1,gNB,3,0,0,0.00,0.00,0.00,0,0,
1770824344560,1,gNB,4,0,0,0.00,0.02,0.43,0,1,
1770824345560,-1,gNB,1,0,3,1533.00,4.82,3793.68,0,97,
1770824345560,-1,gNB,2,0,0,0.00,0.00,0.00,0,0,
1770824345560,-1,gNB,3,0,0,0.00,0.00,0.00,0,0,
1770824345560,0,gNB,4,0,0,0.00,0.00,0.00,0,0,
1770824346560,0,gNB,1,0,4,844.00,4.85,4803.70,0,98,
1770824346560,0,gNB,2,0,0,0.00,0.00,0.00,0,0,
1770824346560,1,gNB,3,0,0,0.00,0.00,0.00,0,0,
1770824346560,1,gNB,4,0,0,0.00,0.00,0.00,0,0,
1770824347560,1,gNB,1,0,3,893.00,4.80,3859.14,0,67,
1770824347560,1,gNB,2,0,0,0.00,0.00,0.00,0,0,
1770824347560,1,gNB,3,0,0,0.00,0.00,0.00,0,0,
1770824347560,1,gNB,4,0,0,0.00,0.00,0.00,0,0,
1770824348560,0,gNB,1,0,2,1388.00,4.78,3014.27,0,40,
1770824348560,0,gNB,2,0,0,0.00,0.00,0.00,0,0,
1770824348560,0,gNB,3,0,0,0.00,0.00,0.00,0,0,
1770824348560,0,gNB,4,0,0,0.00,0.00,0.00,0,0,
1770824349560,1,gNB,1,0,4,830.00,4.85,4709.18,0,85,
1770824349560,1,gNB,2,0,0,0.00,0.00,0.00,0,0,
1770824349560,1,gNB,3,0,0,0.00,0.00,0.00,0,0,
1770824349560,1,gNB,4,0,0,0.00,0.00,0.00,0,0,
1770824350560,-1,gNB,1,0,4,1192.00,4.85,4347.84,0,98,
1770824350560,-1,gNB,2,0,0,0.00,0.00,0.00,0,0,
1770824350560,-1,gNB,3,0,0,0.00,0.00,0.00,0,0,
1770824350560,-1,gNB,4,0,0,0.00,0.00,0.00,0,0,
1770824351560,-1,gNB,1,0,3,881.00,4.82,3827.45,0,98,
1770824351560,-1,gNB,2,0,0,0.00,0.00,0.00,0,0,
1770824351560,-1,gNB,3,0,0,0.00,0.02,0.47,0,0,
1770824351560,-1,gNB,4,0,0,0.00,0.00,0.00,0,0,
1770824352560,1,gNB,1,0,3,1095.00,4.82,3694.22,0,97,
1770824352560,1,gNB,2,0,0,0.00,0.00,0.00,0,0,
1770824352560,1,gNB,3,0,0,0.00,0.00,0.00,0,0,
1770824352560,1,gNB,4,0,0,0.00,0.02,0.43,0,1,
1770824353560,0,gNB,1,0,3,1069.00,4.82,3748.94,0,98,
1770824353560,0,gNB,2,0,0,0.00,0.00,0.00,0,0,
1770824353560,0,gNB,3,0,0,0.00,0.00,0.00,0,0,
1770824353560,0,gNB,4,0,0,0.00,0.00,0.00,0,0,
1770824354560,-1,gNB,1,0,3,1514.00,4.82,3742.32,0,98,
1770824354560,-1,gNB,2,0,0,0.00,0.00,0.00,0,0,
1770824354560,-1,gNB,3,0,0,0.00,0.00,0.00,0,0,
1770824354560,-1,gNB,4,0,0,0.00,0.00,0.00,0,0,
1770824355560,1,gNB,1,0,3,1018.00,4.80,3714.61,0,98,
1770824355560,2,gNB,2,0,0,0.00,0.00,0.00,0,0,
1770824355560,2,gNB,3,0,0,0.00,0.00,0.00,0,0,
1770824355560,2,gNB,4,0,0,0.00,0.00,0.00,0,0,
1770824356560,1,gNB,1,0,3,1598.00,4.82,3927.93,0,98,
1770824356560,1,gNB,2,0,0,0.00,0.00,0.00,0,0,
1770824356560,1,gNB,3,0,0,0.00,0.00,0.00,0,0,
1770824356560,1,gNB,4,0,0,0.00,0.00,0.00,0,0,
1770824357560,-1,gNB,1,0,4,1000.00,4.87,4630.82,0,98,
1770824357560,-1,gNB,2,0,0,0.00,0.00,0.00,0,0,
1770824357560,-1,gNB,3,0,0,0.00,0.00,0.00,0,0,
1770824357560,-1,gNB,4,0,0,0.00,0.00,0.00,0,0,
1770824358560,-1,gNB,1,0,4,1520.00,4.82,4189.23,0,73,
1770824358560,-1,gNB,2,0,0,0.00,0.00,0.00,0,0,
1770824358560,-1,gNB,3,0,0,0.00,0.00,0.00,0,0,
1770824358560,-1,gNB,4,0,0,0.00,0.00,0.00,0,0,
1770824359560,1,gNB,1,0,3,1094.00,4.82,3899.50,0,61,
1770824359560,1,gNB,2,0,0,0.00,0.00,0.00,0,0,
1770824359560,1,gNB,3,0,0,0.00,0.00,0.00,0,0,
1770824359560,1,gNB,4,0,0,0.00,0.00,0.00,0,0,
1770824360560,-1,gNB,1,0,2,1385.00,4.75,2427.71,0,43,
1770824360560,-1,gNB,2,0,0,0.00,0.00,0.00,0,0,
1770824360560,-1,gNB,3,0,0,0.00,0.00,0.00,0,0,
1770824360560,-1,gNB,4,0,0,0.00,0.00,0.00,0,0,
1770824361560,1,gNB,1,0,1,1672.00,4.73,2013.27,0,45,
1770824361560,1,gNB,2,0,0,0.00,0.00,0.00,0,0,
1770824361560,1,gNB,3,0,0,0.00,0.00,0.00,0,0,
1770824361560,1,gNB,4,0,0,0.00,0.00,0.00,0,0,
1770824362560,2,gNB,1,0,3,1331.00,4.80,3306.80,0,92,
1770824362560,2,gNB,2,0,0,0.00,0.00,0.00,0,0,
1770824362560,2,gNB,3,0,0,0.00,0.00,0.00,0,0,
1770824362560,2,gNB,4,0,0,0.00,0.00,0.00,0,0,
1770824363560,-2,gNB,1,0,3,1540.00,4.80,3040.22,0,98,
1770824363560,-2,gNB,2,0,0,0.00,0.00,0.00,0,0,
1770824363560,-2,gNB,3,0,0,0.00,0.00,0.00,0,0,
1770824363560,-2,gNB,4,0,0,0.00,0.00,0.00,0,0,
1770824364560,1,gNB,1,0,2,1387.00,4.78,2833.66,0,98,
1770824364560,1,gNB,2,0,0,0.00,0.00,0.00,0,0,
1770824364560,1,gNB,3,0,0,0.00,0.00,0.00,0,0,
1770824364560,1,gNB,4,0,0,0.00,0.00,0.00,0,0,
1770824365560,0,gNB,1,0,2,926.00,4.78,2566.94,0,98,
1770824365560,0,gNB,2,0,0,0.00,0.00,0.00,0,0,
1770824365560,0,gNB,3,0,0,0.00,0.00,0.00,0,0,
1770824365560,0,gNB,4,0,0,0.00,0.00,0.00,0,0,
1770824366560,1,gNB,1,0,2,1121.00,4.75,2092.62,0,94,
1770824366560,1,gNB,2,0,0,0.00,0.00,0.00,0,0,
1770824366560,1,gNB,3,0,0,0.00,0.00,0.00,0,0,
1770824366560,1,gNB,4,0,0,0.00,0.02,0.43,0,2,
1770824367560,-1,gNB,1,0,2,1165.00,4.78,2176.25,0,91,
1770824367560,-1,gNB,2,0,0,0.00,0.00,0.00,0,0,
1770824367560,-1,gNB,3,0,0,0.00,0.00,0.00,0,0,
1770824367560,-1,gNB,4,0,0,0.00,0.00,0.00,0,0,
1770824367560,0,gNB,5,0,0,0.00,0.00,0.00,0,9,
1770824368560,1,gNB,1,0,2,723.00,4.75,2102.91,0,98,
1770824368560,1,gNB,2,0,0,0.00,0.00,0.00,0,0,
1770824368560,1,gNB,3,0,0,0.00,0.00,0.00,0,0,
1770824368560,1,gNB,4,0,0,0.00,0.00,0.00,0,0,
1770824368560,1,gNB,5,0,0,0.00,0.00,0.00,0,0,
1770824369560,0,gNB,1,1,2,3077.38,1215.89,2156.84,6,98,
1770824369560,0,gNB,2,0,0,0.00,0.00,0.00,0,0,
1770824369560,0,gNB,3,0,0,0.00,0.00,0.00,0,0,
1770824369560,0,gNB,4,0,0,0.00,0.00,0.00,0,0,
1770824369560,0,gNB,5,0,0,0.00,0.00,0.00,0,0,
1770824370560,1,gNB,1,9,2,3802.58,9986.84,2099.25,48,97,
1770824370560,1,gNB,2,0,0,0.00,0.00,0.00,0,0,
1770824370560,1,gNB,3,0,0,0.00,0.00,0.00,0,0,
1770824370560,1,gNB,4,0,0,0.00,0.00,0.00,0,0,
1770824370560,1,gNB,5,0,0,0.00,0.00,0.00,0,1,
1770824371560,-1,gNB,1,9,2,3086.72,9922.40,2096.10,48,97,
1770824371560,-1,gNB,2,0,0,0.00,0.00,0.00,0,0,
1770824371560,-1,gNB,3,0,0,0.00,0.00,0.00,0,0,
1770824371560,0,gNB,4,0,0,0.00,0.00,0.00,0,0,
1770824371560,0,gNB,5,0,0,0.00,0.02,0.47,0,0,
1770824372560,4,gNB,1,9,2,3214.57,10017.98,2413.93,47,97,
1770824372560,4,gNB,2,0,0,0.00,0.00,0.00,0,0,
1770824372560,4,gNB,3,0,0,0.00,0.00,0.00,0,0,
1770824372560,4,gNB,4,0,0,0.00,0.00,0.00,0,0,
1770824372560,4,gNB,5,0,0,0.00,0.02,0.47,0,0,
1770824373560,-3,gNB,1,9,2,0.00,7860.17,2233.43,47,96,
1770824373560,-3,gNB,2,0,0,0.00,0.00,0.00,0,1,
1770824373560,-3,gNB,3,0,0,0.00,0.00,0.00,0,0,
1770824373560,-3,gNB,4,0,0,0.00,0.00,0.00,0,0,
1770824373560,-3,gNB,5,0,0,0.00,0.00,0.00,0,0,
