Time (UNIX Epoch),Is Radio On,TX Gain,Duration (s),Bandwidth,Sample Rate,Center Frequency,Low Frequency,High Frequency
1757429049.177322,1,48,60.0,7200000.0,7200000.0,3619200000.0,-3600000.0,3600000.0
1757429109.581238,0,0,57.046,7200000.0,7200000.0,3619200000.0,-3600000.0,3600000.0
1757429166.581274,1,48,60.0,7200000.0,7200000.0,3619200000.0,-3600000.0,3600000.0
1757429226.581034,0,0,35.943,7200000.0,7200000.0,3619200000.0,-3600000.0,3600000.0
1757429262.581377,1,48,60.0,7200000.0,7200000.0,3619200000.0,-3600000.0,3600000.0
1757429322.580788,0,0,33.958,7200000.0,7200000.0,3619200000.0,-3600000.0,3600000.0
1757429356.581390,1,48,60.0,7200000.0,7200000.0,3619200000.0,-3600000.0,3600000.0
1757429416.581081,0,0,54.624,7200000.0,7200000.0,3619200000.0,-3600000.0,3600000.0
1757429471.581063,1,48,60.0,7200000.0,7200000.0,3619200000.0,-3600000.0,3600000.0
1757429531.580961,0,0,54.944,7200000.0,7200000.0,3619200000.0,-3600000.0,3600000.0
1757429586.581307,1,48,60.0,7200000.0,7200000.0,3619200000.0,-3600000.0,3600000.0
1757429646.580903,0,0,55.708,7200000.0,7200000.0,3619200000.0,-3600000.0,3600000.0
1757429702.580926,1,48,60.0,7200000.0,7200000.0,3619200000.0,-3600000.0,3600000.0
1757429762.580848,0,0,34.132,7200000.0,7200000.0,3619200000.0,-3600000.0,3600000.0
1757429796.581248,1,48,60.0,7200000.0,7200000.0,3619200000.0,-3600000.0,3600000.0
1757429856.581497,0,0,50.208,7200000.0,7200000.0,3619200000.0,-3600000.0,3600000.0
1757429906.581322,1,48,60.0,7200000.0,7200000.0,3619200000.0,-3600000.0,3600000.0
1757429966.581095,0,0,58.742,7200000.0,7200000.0,3619200000.0,-3600000.0,3600000.0
1757430025.580883,1,48,60.0,7200000.0,7200000.0,3619200000.0,-3600000.0,3600000.0
1757430085.580873,0,0,54.579,7200000.0,7200000.0,3619200000.0,-3600000.0,3600000.0
1757430140.580771,1,48,60.0,7200000.0,7200000.0,3619200000.0,-3600000.0,3600000.0
1757430200.581553,0,0,52.582,7200000.0,7200000.0,3619200000.0,-3600000.0,3600000.0
1757430253.580482,1,48,60.0,7200000.0,7200000.0,3619200000.0,-3600000.0,3600000.0
1757430313.581014,0,0,32.0,7200000.0,7200000.0,3619200000.0,-3600000.0,3600000.0
1757430345.581332,1,48,60.0,7200000.0,7200000.0,3619200000.0,-3600000.0,3600000.0
1757430405.581379,0,0,32.943,7200000.0,7200000.0,3619200000.0,-3600000.0,3600000.0
1757430438.581343,1,48,60.0,7200000.0,7200000.0,3619200000.0,-3600000.0,3600000.0
1757430498.581377,0,0,59.19,7200000.0,7200000.0,3619200000.0,-3600000.0,3600000.0
1757430557.581165,1,48,60.0,7200000.0,7200000.0,3619200000.0,-3600000.0,3600000.0
1757430617.580937,0,0,59.146,7200000.0,7200000.0,3619200000.0,-3600000.0,3600000.0
1757430676.581031,1,48,60.0,7200000.0,7200000.0,3619200000.0,-3600000.0,3600000.0
1757430736.581591,0,0,32.539,7200000.0,7200000.0,3619200000.0,-3600000.0,3600000.0
1757430769.581335,1,48,60.0,7200000.0,7200000.0,3619200000.0,-3600000.0,3600000.0
1757430829.580998,0,0,54.01,7200000.0,7200000.0,3619200000.0,-3600000.0,3600000.0
1757430883.581347,1,48,60.0,7200000.0,7200000.0,3619200000.0,-3600000.0,3600000.0
1757430943.581370,0,0,59.983,7200000.0,7200000.0,3619200000.0,-3600000.0,3600000.0
1757431003.581562,1,48,60.0,7200000.0,7200000.0,3619200000.0,-3600000.0,3600000.0
1757431063.581659,0,0,44.748,7200000.0,7200000.0,3619200000.0,-3600000.0,3600000.0
1757431108.581856,1,48,60.0,7200000.0,7200000.0,3619200000.0,-3600000.0,3600000.0
1757431168.581243,0,0,59.908,7200000.0,7200000.0,3619200000.0,-3600000.0,3600000.0
1757431228.581167,1,48,60.0,7200000.0,7200000.0,3619200000.0,-3600000.0,3600000.0
1757431288.581598,0,0,37.574,7200000.0,7200000.0,3619200000.0,-3600000.0,3600000.0
1757431326.581872,1,48,60.0,7200000.0,7200000.0,3619200000.0,-3600000.0,3600000.0
1757431386.581378,0,0,56.055,7200000.0,7200000.0,3619200000.0,-3600000.0,3600000.0
1757431442.581457,1,48,60.0,7200000.0,7200000.0,3619200000.0,-3600000.0,3600000.0
1757431502.580997,0,0,47.445,7200000.0,7200000.0,3619200000.0,-3600000.0,3600000.0
1757431549.581194,1,48,60.0,7200000.0,7200000.0,3619200000.0,-3600000.0,3600000.0
1757431609.581883,0,0,34.563,7200000.0,7200000.0,3619200000.0,-3600000.0,3600000.0
1757431644.580864,1,48,60.0,7200000.0,7200000.0,3619200000.0,-3600000.0,3600000.0
1757431704.580955,0,0,48.039,7200000.0,7200000.0,3619200000.0,-3600000.0,3600000.0
1757431752.580833,1,48,60.0,7200000.0,7200000.0,3619200000.0,-3600000.0,3600000.0
1757431812.581581,0,0,56.807,7200000.0,7200000.0,3619200000.0,-3600000.0,3600000.0
1757431869.580818,1,48,60.0,7200000.0,7200000.0,3619200000.0,-3600000.0,3600000.0
1757431929.580992,0,0,33.002,7200000.0,7200000.0,3619200000.0,-3600000.0,3600000.0
1757431962.581392,1,48,60.0,7200000.0,7200000.0,3619200000.0,-3600000.0,3600000.0
1757432022.581538,0,0,50.043,7200000.0,7200000.0,3619200000.0,-3600000.0,3600000.0
1757432072.581258,1,48,60.0,7200000.0,7200000.0,3619200000.0,-3600000.0,3600000.0
1757432132.581236,0,0,54.441,7200000.0,7200000.0,3619200000.0,-3600000.0,3600000.0
1757432186.581272,1,48,60.0,7200000.0,7200000.0,3619200000.0,-3600000.0,3600000.0
1757432246.581236,0,0,35.933,7200000.0,7200000.0,3619200000.0,-3600000.0,3600000.0
1757432282.581331,1,48,60.0,7200000.0,7200000.0,3619200000.0,-3600000.0,3600000.0
1757432342.581560,0,0,43.48,7200000.0,7200000.0,3619200000.0,-3600000.0,3600000.0
1757432385.581594,1,48,60.0,7200000.0,7200000.0,3619200000.0,-3600000.0,3600000.0
1757432445.581838,0,0,59.237,7200000.0,7200000.0,3619200000.0,-3600000.0,3600000.0
1757432504.581677,1,48,60.0,7200000.0,7200000.0,3619200000.0,-3600000.0,3600000.0
1757432564.580928,0,0,31.457,7200000.0,7200000.0,3619200000.0,-3600000.0,3600000.0
1757432595.580805,1,48,60.0,7200000.0,7200000.0,3619200000.0,-3600000.0,3600000.0
1757432655.581272,0,0,44.96,7200000.0,7200000.0,3619200000.0,-3600000.0,3600000.0
1757432700.581203,1,48,60.0,7200000.0,7200000.0,3619200000.0,-3600000.0,3600000.0
1757432760.581046,0,0,50.598,7200000.0,7200000.0,3619200000.0,-3600000.0,3600000.0
1757432811.581432,1,48,60.0,7200000.0,7200000.0,3619200000.0,-3600000.0,3600000.0
1757432871.581341,0,0,48.257,7200000.0,7200000.0,3619200000.0,-3600000.0,3600000.0
1757432919.580759,1,48,60.0,7200000.0,7200000.0,3619200000.0,-3600000.0,3600000.0
1757432979.581293,0,0,52.543,7200000.0,7200000.0,3619200000.0,-3600000.0,3600000.0
1757433032.581630,1,48,60.0,7200000.0,7200000.0,3619200000.0,-3600000.0,3600000.0
1757433092.581130,0,0,57.333,7200000.0,7200000.0,3619200000.0,-3600000.0,3600000.0
1757433149.580964,1,48,60.0,7200000.0,7200000.0,3619200000.0,-3600000.0,3600000.0
1757433209.581649,0,0,38.413,7200000.0,7200000.0,3619200000.0,-3600000.0,3600000.0
1757433247.581685,1,48,60.0,7200000.0,7200000.0,3619200000.0,-3600000.0,3600000.0
1757433307.581509,0,0,37.593,7200000.0,7200000.0,3619200000.0,-3600000.0,3600000.0
1757433345.581840,1,48,60.0,7200000.0,7200000.0,3619200000.0,-3600000.0,3600000.0
1757433405.581015,0,0,45.611,7200000.0,7200000.0,3619200000.0,-3600000.0,3600000.0
1757433451.581935,1,48,60.0,7200000.0,7200000.0,3619200000.0,-3600000.0,3600000.0
1757433511.581872,0,0,32.458,7200000.0,7200000.0,3619200000.0,-3600000.0,3600000.0
1757433543.581005,1,48,60.0,7200000.0,7200000.0,3619200000.0,-3600000.0,3600000.0
1757433603.580910,0,0,42.196,7200000.0,7200000.0,3619200000.0,-3600000.0,3600000.0
1757433645.580919,1,48,60.0,7200000.0,7200000.0,3619200000.0,-3600000.0,3600000.0
1757433705.581322,0,0,57.939,7200000.0,7200000.0,3619200000.0,-3600000.0,3600000.0
1757433763.581370,1,48,60.0,7200000.0,7200000.0,3619200000.0,-3600000.0,3600000.0
1757433823.581248,0,0,44.589,7200000.0,7200000.0,3619200000.0,-3600000.0,3600000.0
1757433868.581098,1,48,60.0,7200000.0,7200000.0,3619200000.0,-3600000.0,3600000.0
1757433928.580499,0,0,39.827,7200000.0,7200000.0,3619200000.0,-3600000.0,3600000.0
1757433968.581327,1,48,60.0,7200000.0,7200000.0,3619200000.0,-3600000.0,3600000.0
1757434028.581407,0,0,42.668,7200000.0,7200000.0,3619200000.0,-3600000.0,3600000.0
1757434071.580984,1,48,60.0,7200000.0,7200000.0,3619200000.0,-3600000.0,3600000.0
1757434131.580783,0,0,55.917,7200000.0,7200000.0,3619200000.0,-3600000.0,3600000.0
1757434187.580906,1,48,60.0,7200000.0,7200000.0,3619200000.0,-3600000.0,3600000.0
1757434247.581589,0,0,32.936,7200000.0,7200000.0,3619200000.0,-3600000.0,3600000.0
1757434280.581068,1,48,60.0,7200000.0,7200000.0,3619200000.0,-3600000.0,3600000.0
1757434340.581344,0,0,53.351,7200000.0,7200000.0,3619200000.0,-3600000.0,3600000.0
1757434393.580895,1,48,60.0,7200000.0,7200000.0,3619200000.0,-3600000.0,3600000.0
1757434453.581624,0,0,59.227,7200000.0,7200000.0,3619200000.0,-3600000.0,3600000.0
1757434512.580805,1,48,60.0,7200000.0,7200000.0,3619200000.0,-3600000.0,3600000.0
1757434572.581242,0,0,52.27,7200000.0,7200000.0,3619200000.0,-3600000.0,3600000.0
1757434624.581302,1,48,60.0,7200000.0,7200000.0,3619200000.0,-3600000.0,3600000.0
1757434684.581511,0,0,58.529,7200000.0,7200000.0,3619200000.0,-3600000.0,3600000.0
1757434743.581796,1,48,60.0,7200000.0,7200000.0,3619200000.0,-3600000.0,3600000.0
1757434803.581466,0,0,45.558,7200000.0,7200000.0,3619200000.0,-3600000.0,3600000.0
1757434849.581424,1,48,60.0,7200000.0,7200000.0,3619200000.0,-3600000.0,3600000.0
1757434909.581842,0,0,49.66,7200000.0,7200000.0,3619200000.0,-3600000.0,3600000.0
1757434959.580949,1,48,60.0,7200000.0,7200000.0,3619200000.0,-3600000.0,3600000.0
1757435019.581494,0,0,52.649,7200000.0,7200000.0,3619200000.0,-3600000.0,3600000.0
1757435072.581088,1,48,60.0,7200000.0,7200000.0,3619200000.0,-3600000.0,3600000.0
1757435132.581525,0,0,31.065,7200000.0,7200000.0,3619200000.0,-3600000.0,3600000.0
1757435163.580924,1,48,60.0,7200000.0,7200000.0,3619200000.0,-3600000.0,3600000.0
1757435223.581489,0,0,54.362,7200000.0,7200000.0,3619200000.0,-3600000.0,3600000.0
1757435277.581120,1,48,60.0,7200000.0,7200000.0,3619200000.0,-3600000.0,3600000.0
1757435337.581225,0,0,48.42,7200000.0,7200000.0,3619200000.0,-3600000.0,3600000.0
1757435385.580997,1,48,60.0,7200000.0,7200000.0,3619200000.0,-3600000.0,3600000.0
1757435445.580925,0,0,36.605,7200000.0,7200000.0,3619200000.0,-3600000.0,3600000.0
1757435482.581012,1,48,60.0,7200000.0,7200000.0,3619200000.0,-3600000.0,3600000.0
1757435542.581370,0,0,42.628,7200000.0,7200000.0,3619200000.0,-3600000.0,3600000.0
1757435585.581412,1,48,60.0,7200000.0,7200000.0,3619200000.0,-3600000.0,3600000.0
1757435645.581115,0,0,30.923,7200000.0,7200000.0,3619200000.0,-3600000.0,3600000.0
1757435676.581638,1,48,60.0,7200000.0,7200000.0,3619200000.0,-3600000.0,3600000.0
1757435736.581777,0,0,47.664,7200000.0,7200000.0,3619200000.0,-3600000.0,3600000.0
1757435784.581906,1,48,60.0,7200000.0,7200000.0,3619200000.0,-3600000.0,3600000.0
1757435844.581840,0,0,39.531,7200000.0,7200000.0,3619200000.0,-3600000.0,3600000.0
1757435884.581851,1,48,60.0,7200000.0,7200000.0,3619200000.0,-3600000.0,3600000.0
1757435944.581708,0,0,31.074,7200000.0,7200000.0,3619200000.0,-3600000.0,3600000.0
1757435975.581297,1,48,60.0,7200000.0,7200000.0,3619200000.0,-3600000.0,3600000.0
1757436035.581158,0,0,36.363,7200000.0,7200000.0,3619200000.0,-3600000.0,3600000.0
1757436071.581642,1,48,60.0,7200000.0,7200000.0,3619200000.0,-3600000.0,3600000.0
1757436131.580869,0,0,30.278,7200000.0,7200000.0,3619200000.0,-3600000.0,3600000.0
1757436161.581362,1,48,60.0,7200000.0,7200000.0,3619200000.0,-3600000.0,3600000.0
1757436221.581145,0,0,49.571,7200000.0,7200000.0,3619200000.0,-3600000.0,3600000.0
1757436271.581391,1,48,60.0,7200000.0,7200000.0,3619200000.0,-3600000.0,3600000.0
1757436331.580834,0,0,44.45,7200000.0,7200000.0,3619200000.0,-3600000.0,3600000.0
1757436375.581505,1,48,60.0,7200000.0,7200000.0,3619200000.0,-3600000.0,3600000.0
1757436435.581065,0,0,50.494,7200000.0,7200000.0,3619200000.0,-3600000.0,3600000.0
1757436485.581095,1,48,60.0,7200000.0,7200000.0,3619200000.0,-3600000.0,3600000.0
1757436545.581324,0,0,49.812,7200000.0,7200000.0,3619200000.0,-3600000.0,3600000.0
1757436595.580830,1,48,60.0,7200000.0,7200000.0,3619200000.0,-3600000.0,3600000.0
1757436655.581544,0,0,47.557,7200000.0,7200000.0,3619200000.0,-3600000.0,3600000.0
1757436703.581097,1,48,60.0,7200000.0,7200000.0,3619200000.0,-3600000.0,3600000.0
1757436763.580871,0,0,39.004,7200000.0,7200000.0,3619200000.0,-3600000.0,3600000.0
1757436802.581479,1,48,60.0,7200000.0,7200000.0,3619200000.0,-3600000.0,3600000.0
1757436862.581172,0,0,53.287,7200000.0,7200000.0,3619200000.0,-3600000.0,3600000.0
1757436915.581593,1,48,60.0,7200000.0,7200000.0,3619200000.0,-3600000.0,3600000.0
1757436975.580854,0,0,45.351,7200000.0,7200000.0,3619200000.0,-3600000.0,3600000.0
1757437020.580852,1,48,60.0,7200000.0,7200000.0,3619200000.0,-3600000.0,3600000.0
1757437080.581511,0,0,36.782,7200000.0,7200000.0,3619200000.0,-3600000.0,3600000.0
1757437117.581730,1,48,60.0,7200000.0,7200000.0,3619200000.0,-3600000.0,3600000.0
1757437177.581624,0,0,30.837,7200000.0,7200000.0,3619200000.0,-3600000.0,3600000.0
1757437208.581073,1,48,60.0,7200000.0,7200000.0,3619200000.0,-3600000.0,3600000.0
1757437263.581508,1,48,0,7200000.0,7200000.0,3619200000.0,-3600000.0,3600000.0
